context	result	golden_standard
В Уэльс я поехал, не имея никаких адресов. Планов в полном понимании этого слова тоже не было. Вся поездка произошла несколько случайно: в университетском городе Эксетер подвернулась небольшая работа, которую там и тогда мог выполнить только я. Срочно готовили в Ленинград материалы на телевидение, и меня попросили отредактировать перевод. Полученных за это полутора сотен фунтов должно было с избытком хватить на небольшое путешествие, если, конечно, не жить в гостинице и тем более не ехать по железной дороге, безобразно дорогой в Великобритании -- по мнению даже самих британцев.	Second	Second
Технологическая культура -- умение обеспечивать выполнение технологических процессов и операций в полном соответствии с разработанными для них требованиями. Отсутствие этого умения так же сказывается на качестве продукции, как и низкая культура производства.	ZERO INTERSECTION	Second
Разработка новых вакцин пошла полным ходом в начале XX века, когда появились методы стабильной аттенуации (ослабления) микроорганизмов, исключающие риск развития болезни, и была открыта возможность использовать для вакцинации обезвреженные бактериальные токсины.	Second	Second
Оно понятно, что фашист готовился втайне и долго к войне, напал вероломно, когда мы мирно спали по домам, и необстрелянные хлопцы еще не скоро воевать теперь научатся. Но только врать тогда зачем, что скоро фрицу полная погибель, что день конца войны не за горами? Зачем народ-то расслаблять, когда его, напротив, надо на продолжительные тяготы настроить? Так, как сейчас настроились бойцы стрелкового полка всерьез на долгую и трудную работу уже поверх вранья и дурости трепливых комиссаров, -- уже не речи слыша, не пустые восклицания, а будто зов самой родной земли, звон ее соков, повелительную просьбу припасть, как к матери, собой напитать, всецело передать себя единой вспышкой или же по капле.	Second	Second
«Я в первый раз еду на такси в своем новом виде. Похоже, водитель надо мной усмехнулся»; «Забираю детей из школы. Дети говорят, чтобы по дороге я шла отдельно от них» (а детям-то по попе бы надавать. -- Е. П.); «Один редактор заметил, что в жировом костюме мои движения кажутся ему более агрессивными»; «Две женщины дошли до того, что откровенно смотрят на меня и шепчутся»; «По дороге домой, я купила десять пончиков. Один съела в поезде. Почему людям противно смотреть, как полный человек ест? Я не обращаю внимания на хмурые взгляды. Я хочу есть». Наконец, катарсис: «Ну ладно, пусть я толстая, зато я мыслящее существо. Я готова поспорить, что среди вас, посетителей ресторана, есть наркоманы, воры, люди, изменяющие своим супругам, плохие родители. Хотела бы я, чтобы ваши недостатки были так же явно видны, как нестандартный размер моего тела (между прочим, многие врачи считают это генетической проблемой, а не слабостью воли). Я отказываюсь от десерта и ухожу». И -- завершение маскарада: «Меня провожают заигрывающими взглядами те же самые мужчины, которые до этого смотрели на меня презрительно. А я думаю о том, что полным людям нужно обязательно ощутить свою полноценность. И о том, что мне (о добрая журналистка, готовая разделить позор вместе со своими героями! -- Е. П.) нужно собрать всю свою волю и отказаться от десерта».	Second	Second
Таким степенным, полным чувства собственного достоинства человеком его, несомненно, сделало доверие, которое ему оказали в лагере, избрав в руководство подпольной организации.	Second	Second
Петька привычно пропустил «пузыря» мимо ушей. Его ожидания, его с утра не отпускающее предвкушение чуда подтвердилось в полной мере. Хватило бы одного этого татуированного. Но по заднему сиденью машины, подвывая, зевая, просясь на улицу, тыкаясь в стекло носом, оставляющим обтекающие меловые отметины, бродила собака! Да и какая -- СОБАКА! Своих шавок в деревне хватало, редко какая вырастала более кролика. Толку от них было чуть, брех один, но дед, хотя и ворчал, всегда прикармливал штуки две-три. Но эта! Эта была большая, черная, со стоячими домиком ушами, задевающими потолочную обшивку, с широкой белой грудью, ощутимо надавливающей изнутри на дверцу. Ее разверстая, улыбающаяся, жаром исходящая розовая пасть, переходящая в черное и переплетенное, как дубовая кора, небо, частокол желтоватых страшных зубов внушали какое-то боязливое благоговение, и Петьке сразу захотелось вытянуться, под-тянуть живот, вообще стать лучше. А глаза... такие загадочные, черные, ласковые, но строгие глаза... такие глаза до этого Петька видел только у Насти Никаноровой... По всему было видно, что это городская собака.	Second	Second
-- Чистая рана. Будто хирург работал, -- пробормотал Митя, когда они с Горным вышли из спальни. -- И никаких следов борьбы... Такое впечатление, что выстрелили с ее полного согласия. Будто она лежала и ждала выстрела.	Second	Second
-- Не совсем! -- предположила Глушенкова. -- Кульков побывал на днях в боулинг-клубе, разговаривал с завсегдатаями, и те, правда без подробностей, вспомнили, что такой случай действительно был. Скорее всего, наниматель послал Стариковым по Интернету фотографию некого Малика -- человека, который должен будет проиграть им в кегельбане определенную сумму. Эта сумма, вероятно, была авансом за предстоящую услугу. А дальнейшие пункты искусного сценария нам известны: проигравшийся Малик просит супругов прибыть на станцию «Вознесенская» для полного расчета. Так можно объяснить появление Стариковых на платформе и их повышенное внимание к выходцу с Кавказа. Только вот Павел и Лариса не предполагали, что станут свидетелями чьей-то гибели. Поэтому они испугались и «домашнюю заготовку» озвучивать не стали, а предпочли сказать, что оказались на платформе совершенно случайно.	Second	Second
самолетов. Советское командование сосредоточило 1,336 млн. человек, более 14 тыс. орудий и минометов, 3444 танков и САУ, 2172 самолетов. Сражение закончилось полным разгромом войск вермахта: потеряно свыше 500 тыс. человек, 1,5 тыс. танков, свыше 3,7	Second	Second
-- Вальтер, ты мужественный человек, -- набрав полную грудь воздуха, патетически начал Изя. -- Ты должен быть готов...	Second	First
Такая история. Да. Самое главное забыл. Помните, в самом начале я обещал рассказать, почему название города вымышлено? Так рассказываю. Банду Папы Бори практически в полном составе арестовали. Совсем недавно. Ведется следствие. Так-то.	Second	Second
Натуральное происхождение красящих добавок также не дает гарантии их полной токсикологической безопасности, так как они могут содержать нежелательные примеси, такие, как алкалоиды и физиологически активные гликозиды. Однако, как показывает анализ научно-технической литературы, допустимые суточные дозы потребления установлены не для всех колорантов.	Second	Second
-- Приходится, Лев Иванович, приходится! -- сокрушенно сказал незнакомец. -- Времена-то какие!.. Но давайте перейдем к делу, а то глубокая ночь на дворе. Вам-то спешить никуда не надо, а у меня завтра полный рабочий день. Крутишься, как белка в колесе, а тут еще вы мне задачки подбрасываете...	Second	Second
      В некоторых случаях один праздник ведет к другому празднику. Святой Иоанн Златоуст говорит о Рождестве Христовом, что, как ни велик этот праздник, а полный свет его нам открывается только в Богоявлении. Эти праздники связаны: Бог вступает в мир беспомощным, беззащитным Младенцем; Он вырастает в полный рост Сына Человеческого, и в этот момент Бог свидетельствует о Нем, что Он -- Единородный Сын Божий. Тогда Он начинает Свое земное служение, которое Его приведет в Гефсиманию, ко кресту и Воскресению. Один праздник как бы увядает, но мы видим в евангельских чтениях, в молитвах и песнопениях, как он срастается с жизнью и уже подготавливает следующее событие. Все громче и яснее мы слышим приближение грядущего события, которое исполнит прошедшее. Так же и с Пасхой: Воскресение Христово ведет нас к Сошествию Святого Духа, Пасха ведет к Пятидесятнице, и как ни велик праздник Пасхи, его исполнение, свершение в полноте -- на Троицу.	Second	Second
-- Порядок составления, рассмотрения и утверждения местного бюджета регулируется «Положением о бюджетном процессе г. Дубны Московской области», утвержденным решением Совета депутатов города от 07.06.2001 г. Это «Положение...» соответствует требованиям действующего законодательства, в частности, нормам Бюджетного кодекса РФ, федеральным и областным законам о местном самоуправлении, Уставу г. Дубны. При принятии местного бюджета на 2002 год Совет депутатов руководствовался данным «Положением...». В бюджете Дубны-2002 статьи расходов, финансируемые исключительно из местного бюджета, отражены в полном объеме, размер дефицита запланирован в пределах нормы, установленной Бюджетным кодексом. Бюджет города на 2003 год принят Советом депутатов 19.12.2002 г. Таким образом соблюдены требования статьи 187 БК РФ, устанавливающей необходимость рассмотрения и утверждения проекта решения о бюджете до начала очередного финансового года.	Second	Second
работать во имя великих идей. В эти же годы полным ходом идет театральное	Second	Second
И вот, когда после двух лет полного отсутствия личного	Second	Second
литургического творчества, которое в полной мере отражало бы насущные нужды православных христиан. Епархиальным Богослужебным комиссиям следует усилить контроль за качеством текстов, представляемых в Синодальную комиссию. Подтверждая благоговейное	Second	Second
Это замечание в полной мере относится к обсуждению проблем экономического роста, который начался в России в 1999 году. В отечественной литературе доминируют две концепции объяснения природы этого роста. Первая связывает его с реальным обесцениванием рубля после кризиса 1998 года и благоприятной конъюнктурой рынка нефти. Второй причиной роста называют реформы, которые проводит российское правительство в условиях политической стабилизации, наступившей после выборов 2000 году. Эти реформы, безусловно, важны и для обеспечения долгосрочного устойчивого роста. Действительно, для России конъюнктура рынка нефти и реальный курс -- важнейшие факторы макроэкономической политики, влияющие на рост. Но природа нынешнего роста все-таки иная. 	Second	Second
Педагогика неотомизма имеет своей прямой целью борьбу с марксистской антирелигиозной материалистической концепцией, против освободительного движения, активности и сознательности народных масс, добивающихся лучшей жизни на земле путем освобождения человечества от всяких форм эксплуатации и угнетения, за полное равенство всех людей.	Second	Second
И несмотря на эту щепетильную порядочность, скромность и даже стеснительность Гроссмана, бытовало мнение, что у него тяжелый характер. Как-то раз ему домой позвонил заместитель главного редактора «Нового мира» Кривицкий, которого Гроссман не жаловал. Когда трубку сняла Ольга Михайловна, Кривицкий откровенно обрадовался: «Как я рад, что попал на вас! Зная сложный характер Василия Семеновича, думал, он меня пошлет по матушке». Гроссман и в самом деле не чурался крепкого слова. С теми, кого не уважал или презирал, мог быть колючим, язвительным, упрямым. При этом любил говаривать, что всем подряд нравятся только полные синеглазые блондинки, а он к их числу не принадлежит... Вспоминая Василия Семеновича, Наталья Роскина утверждала, что в последний раз он улыбнулся еще перед Великой Отечественной войной.	Second	Second
Вместо того, чтобы жить несуетливой, размеренной, в ритме календарного года жизнью, есть простую, но здоровую пищу, пить светлую вкусную воду, дышать чистым воздухом, пользоваться огнем от сгорающего дерева, ежедневно физически трудиться (но не подневольным трудом), удовлетворяться тишиной и миром домашнего очага, находиться в постоянном контакте с землей и небом, с природой... Нет, я не говорю, что был такой вот золотой век, полная благодать и все были счастливы. Но если бы человечество через все людские беды и неурядицы стремилось к такому образу жизни и заметно приближалось к нему, если бы при этом развивались и обогащались духовные способности человека, то это был бы, конечно, истинный прогресс. А теперь... Сигарный дым вместо свежего воздуха или дым городов, работа в шумных цехах, повсеместный алкоголь, наркотики, повсеместный распад семей, сложные коктейли вместо чистой воды, кошмар телевизора, дикие искусственные скорости, постоянная спешка, гонка, нервы, а отсюда -- болезни и болезни...	Second	Second
-- Это понятно, -- закивал Михаил Сергеевич. -- Такое случается даже при полной здравости.	ZERO INTERSECTION	Second
Все еще было впереди. И испепеляющий жар плевненских штурмов, и двадцатиградусные морозы Шипки, и подвиг румынского капитана Вальтера Морочиняну, и полный Георгиевский бант казачьего урядника князя Цертелева. Впереди было боевое крещение болгарского ополчения под Старой Загорой, донесение корреспондентов «на Шипке все спокойно», превратившееся в поговорку, и звездный час генерала Скобелева 2-го, ставшего национальным героем Болгарии.	Second	Second
Эпидермис -- верхний слой кожи -- эластичен, упруг и прочен. Он обладает свойством быстро восстанавливаться при повреждении. В свою очередь сам эпидермис состоит из пяти слоев. Верхний слой -- роговой -- образован отжившими, мёртвыми клетками, но именно от него во многом зависит внешний вид кожи. Полная замена клеток эпидермиса происходит в течение 21-28 дней. Новые клетки рождаются в базальной мембране на границе эпидермиса и дермы и по мере взросления продвигаются наверх.	Second	Second
-- Не следует термитов называть муравьями. Они даже не родня муравьям. Людей поражают размеры их построек. Да, действительно, постройки термитов огромны. Термиты проходят через неполное превращение; их личинки, едва покинувшие оболочку яйца, уже до некоторой степени походят на взрослых насекомых. А наши муравьи претерпевают полное превращение. Из яйца выходит личинка, но она не имеет никакого сходства с взрослым насекомым: безногое, мешкообразное животное. Оно должно еще претерпеть ряд коренных видоизменений, пройти стадию полного покоя -- стадию куколки -- и только после этого стать муравьем. Муравьям надо разместить, устроить в своем «городе» и накормить все это потомство: яйца, личинки, куколки... Ходов, переходов, комнат, комнаток, галерей и этажей в муравейнике неисчислимое количество.	Second	Second
Но, полный воспоминаний, он сидя задумался, водя машинально карандашом, а когда глянул на лист, то просто сам покраснел от возмущения. Покраснел, ибо там было написано следующее:	ZERO INTERSECTION	Second
Утром услышал голоса, показалось -- немцы. Так целый день и просидел в кустах. Было жарко, хотелось пить, но вылезти из кустов не рискнул. Старался даже не шевелиться. Не дай бог сучок под ногой хрустнет. Откуда только терпенье взялось? Под вечер все стихло, ушли. Что они делали, почему там оказались, голову не ломал, да и не способен был в тот момент думать: принимал все как факт. Стемнело. Через какое-то время осторожно вылез из кустов. Опять заборы, калитки, и так в темноте добрался до реки. Снова переждал патрули и тихо, без всплесков, переплыл на левый берег. Перешел пойму и в первой же деревне (между Придачей и Отрожками) знаками попросил пить. Вид у меня, окровавленного, был, надо полагать, достаточно жалкий. Говорить я практически не мог, лишь что-то сипел. Хозяйка поглядела на меня с жалостью и притащила полную кружку воды. Но вода в горло не проходила. Мне не удалось сделать ни одного глотка.	Second	First
-- За три дня напряженных боев, -- читает полным блаженства голосом диктор, -- преодолевая сопротивление противника, продвинулись на шестьдесят -- семьдесят километров... Нашими войсками заняты город Калач, станица Кривомузгинская... Тринадцать тысяч пленных... триста шестьдесят орудий...	Second	Second
Тесное рабочее взаимодействие осуществляется и с Отделом по делам молодежи, и с Отделом по взаимоотношениям Церкви и общества, и с Издательским Советом. Вместе с тем здесь нам следовало бы наладить более полное и регулярное взаимное информирование о мероприятиях, инициативах, выступлениях, связанных со сферой образования, а также более тесную координацию с тем чтобы избежать дублирования и повысить общую эффективность нашей деятельности.	Second	Second
Конечно, времена были тяжелые, и сразу поступить в институт Штейну не удалось, пришлось пойти работать слесарем на завод, а затем подоспела и мобилизация на армейскую службу. И вот тут-то Советская Армия дала ему широкую дорогу в жизнь, ведь шахматы в ней были в почете. Тогдашний министр обороны маршал Родион Малиновский был фанатиком шахмат и не пропускал ни одного крупного турнира, а в первенствах Вооруженных Сил устанавливал даже собственные призы. Здесь, можно сказать, судьба улыбнулась Штейну -- он получил возможность играть на полную катушку! Сначала он стал вице-чемпионом Вооруженных Сил, проиграв матч никому иному, как Лутикову, а затем и чемпионом.	Second	Second
-- Предатель! -- продолжал кричать Масахиро. -- Я всегда знал, что ты трус и предатель! Если бы я попал в плен в полном сознании, как ты, у меня бы хватило смелости сделать себе сэппуку.	Second	Second
На диване против картины сидела седая полная дама в черном. Она смотрела на картину в лорнет. Рядом с ней сидела молодая женщина с русыми косами.	Second	Second
Середина жизни -- вершина, временной пик жизненной тропы -- для любого из нас оказывается полной неожиданностью. Мы достигаем ее, уверенные в том, что находимся только в самом начале пути, толком еще ничего не испробовав и не постигнув. Открывшиеся взору границы отпущенного времени и наших возможностей, конечность жизни поначалу притягивают, не отпускают взгляд, как кошмар. С этого момента мы учимся жить, не думая о неотвратимости нашего исчезновения. Пытаемся начинать каждый день так, будто не заглядывали в конец книги и не знаем, что герою не спастись.	Second	Second
Голуби полошились -- перелетали, размешивая световую пыль, тасуя комод со шкафом, буфетом, ванной на гнутых ножках, этажеркой, полной выцветших чертежей, свитков миллиметровки, стопок картона, исчерченного любительской сангиной, -- обнаженные натурщицы, срисовки неизвестных картин, статуи Персея, головы Олоферна…	ZERO INTERSECTION	Second
Через пятнадцать минут Крюков уже топтался на троллейбусной остановке. Как он и предполагал, Миха выдал ему полный комплект одежды -- потертый, грязноватый черный ватник без воротника, какие носят заключенные на зоне, солдатские галифе и кирзачи, дышащие на ладан, но способные выдержать путь от кладбища до центра города, где находилась Гошина квартира. Сапоги, правда, были размера на два меньше, чем требовалось Крюкову, и от этого его походка, и без того неуверенная, приобрела совсем странный, танцующий характер.	Second	Second
Третий год живет Владимир Ильич в Петербурге. О том, какую огромную работу он ведет там по собиранию, просвещению и организации революционных сил, знает только сестра Аня. Мария Александровна догадывается. Не зовет же он мать к себе в гости. Иногда сам появляется в Москве на короткое время и здесь постоянно чем-то занят. Летом пять месяцев был за границей. Приехал оттуда полный впечатлений, деятельный и чем-то озабоченный. Славно они провели тогда несколько вечеров на даче под Москвой. Всем Володя привез подарки: Мите -- астрономический атлас, Маняше -- французские книги, а ей, матери, -- кружевную наколку на волосы.	Second	Second
Насчет цены я уже закидывал удочку -- бесполезно. Представители фирмы пожимают плечами, а в кулуарных беседах звучат формулировки вроде: «плюс тысяча долларов». Думаю, так оно и будет. Кстати, наша «амазонская зелень» представляет собой самый «навороченный» вариант -- помимо «автомата» здесь есть кондиционер, полный электропакет и даже лямбда-зонд под капотом. На момент написания статьи предельная цена «ручных» «матизов» составляла 7800 долларов, так что считайте сами.	Second	Second
Приведу еще пример, чтобы одновременно пояснить ту кажущуюся произвольность, к которой я прибегаю, когда обращаюсь к совершенно, казалось бы, инородному для философии материалу. Значит, я сказал в прошлый раз, что если в какой-то момент настоящего времени я действительно подумал мыслимое, то я не могу не знать, что оно истинно -- в момент, когда мыслю. Когда подумаю, не могу не знать, что это именно так. То есть нельзя даже понять свое состояние, не приняв за истинное то положение дел, к которому оно относится. Но ведь это онтологическое уравнение мысли можно перевернуть и выявить в нем другое, не сразу заметное, содержание: если я не могу не знать что-то по истине в момент, когда подумаю во всей полноте внимания (или актуализации), то это означает, что я в принципе не могу узнать что-то, если уже не знаю. Отсюда и декартовское путешествие, в отстранении от мира, в бесконечность и одновременно внутрь своего «я». А теперь пример (очевидно, вы уже заметили, что нередко я обращаюсь за примерами в том числе и к тексту Библии). Так вот, пример следующий.	Second	Second
О, знал бы тогда адмирал флота Чернавин, какими экспрессивными эпитетами награждал его украинский президент Кравчук в телефонном разговоре с Ельциным! С того момента Владимир Николаевич, по мнению Леонида Макаровича, превратился в главного виновника новой тупиковой ситуации на российско-украинских переговорах. Срыв «блиц-приватизации» ЧФ, которую с такой тщательностью готовили в Киеве, надеясь на полный успех, был очень болезненной пощечиной украинским руководителям.	Second	Second
Но ничего особенного не произошло -- я уснул, сидя в кресле. Очнулся около пяти часов утра. Видимо, когда я вчера вырубился, потаскушки забросали меня пледами и оставили в покое. Я еле выбрался из этой шерстяной берлоги, налил себе вина и с полным бокалом пошел в сад. Мне надо было припомнить и как следует обдумать свой сон...	Second	First
Через короткое время стало известно, что Грибову, Ливанову, Хмелеву и, конечно, Немировичу-Данченко присвоена Сталинская премия. От Владимира Ивановича Грибов получил телеграмму: «Испытываю полное удовлетворение, что увенчалась полным успехом Ваша великолепная артистическая настойчивость охватить роль синтезом высоких идей и тончайших сценических приемов. Вл. И. Н.-Данченко». По своей скромности Алексей Грибов редко делился этой высокой похвалой своего учителя.	Second	Second
Не правда ли, расчеты, сделанные по непонятной формуле Боде (она была выведена эмпирически), удивительно хорошо согласуются с точными данными астрономических измерений? Полное исключение составляют лишь Нептун и Плутон, так как при n = 8 по формуле Боде мы получаем расстояние не до Нептуна, а до Плутона. При этом стоит заметить, что Плутон не просто забрался в таблице на место соседа, -- он вообще ведет себя весьма «вызывающе» в сравнении с другими планетами. Так как у его орбиты необычно большой эксцентриситет, расстояние от Плутона до Солнца колеблется в диапазоне от 30 до 50 астрономических единиц, и он иногда оказывается даже ближе к Солнцу, чем Нептун!..	Second	Second
Анна Андреевна гостила на даче у наших общих знакомых. Вернувшись, рассказывает, как проводили там время. Между прочими такая деталь: «Потом Нелли пошла в лес писать этюд... Да, etude». Она произносит слово «этюд» с французским прононсом, и ее ироническая оценка таланта этой художницы находит свое полное выражение.	Second	Second
-- Ты же знаешь, я люблю путешествовать. Единственное, что меня постоянно тревожит, так это, как ты там один. Я же знаю, что ты можешь умереть от голода рядом с полным холодильником. Утром я специально звонила маме и просила ее скрасить твое одиночество и заодно проследить, чтобы ты не голодал. Надеюсь, она приехала?	First	First
В полутьме наплывающего вечера, при свете далекой и маленькой Мамы Кильи, что затянула осенние песни, все стало таинственным и голубым. Болтливый ветер T дрожал и тихонько шептал в форточку, что лужицы на ночь затянулись первым льдом. Чужаки, чьи руки больно вторгались в Инкино тело, видимо, решили ее убить, сделав посланником к звездам или принести ее в жертву каким-то неизвестным и суровым идолам. И принесли: все исчезло, не стало ни тяжести, ни луны, ни ветра, наступило полное ничто, после издевательства чужаков, в нем оказалось не так уж плохо, а даже прохладно и легко. Черная дыра, в которую Инка попала, уравнивала землевладельцев и батраков, зверей и птиц, прорицателей и авантюристов, всех заставляла молчать, лишала пожитков и сбережений, делала кроткими, послушными, и смешивала в одно черное, густое месиво. Инка переходит реку, покачивается на подвесном мосту, сплетенном из волос, на том берегу уже ждет ее дикая собака, чтобы проводить в темноту. Инке осталось всего несколько шагов, она готова влиться в общий котел, но ее не пускают, бьют по щекам, тычут в нос тряпку, пропитанную застарелой мочой. Разве можно влиться в вечность, когда так обращаются с твоим бездыханным телом, хочешь --  не хочешь, овладевает возмущение и приходится оживать. Пусть жизнь и кусает гиеной за бока, а все хоть какая-то определенность в жизни этой собачьей имеется. Инка медленно приходит в себя, возвращается в горящее, мокрое, ноющее тело. Воздух пахнет свежей кровью, соленая густая змея течет по небу, болит прикушенный язык и хочется ужасно пить, но все это пустяки. Было бы почти хорошо, если б рядом так не орал, обезумев от страсти, кот. Безудержный кошачий крик заставлял похолодеть, казался бесконечным, видно, сам рекуай* -- e вырвался из своих гробниц и затянул гимн жизни, невыносимую брачную песнь. Инка пытается сесть, чтобы сорваться и убежать босиком. Инка смогла легонько приподнять голову, но удерживать ее не было сил, и голова, как спелая тяжеленькая дынька, упала назад. Инка вскрикнула, как не вскрикнуть, если в животе все окаменело от боли. Как не испугаться, когда простыня-то, оказывается, вся в крови. А еще ее, словно старую альпаку «, привязали, чтобы не ушла, какая-то окровавленная бечевка уходит туда, внутрь, не отпускает, не дает улизнуть. От беспокойства и негодования белые стены медленно пошли водить хоровод. Мучители подскочили, трясут тело, опять тычут Инке под нос отрезвляющий запах застарелой мочи, теперь их лица бледные, словно облеплены мукой, а глаза навыкате бегают туда-сюда. Кто-то сует в Инкины уши желтые осенние листья. Худая и сердитая женщина что-то говорит, а сама держит на руках съеженного, окровавленного зверя. Зверь сопротивляется, брыкается, бьется, видно, ему тоже невмоготу, хочет вырваться и убежать. Оглохшая от боли Инка узнает  голое, окровавленное существо привязано к ней на бечевке, именно оно, безумное от испуга, кричит, как ошалевший от любви кот, а к недоумению всех бледнолицых, неведомый зверь светится не хуже любого электричества. Инка осматривает существо недоверчиво -- уж очень оно дикое и напоминает детеныша обезьяны, а мордочка и зажмуренные глазки точь-в-точь, как у слепого котенка. Боль продолжает набивать Инкины уши листвой, теперь ее голова -- ватная. Тут только Инка замечает на голенькой головке черное перышко и длинные реснички на крошечных, зажмуренных в ужасе глазенках. Тогда она облегченно вздыхает, на ее бескровном, сером лице намечается гримаска-улыбка. Инка шепчет болтливому ветру T, что ворвался в форточку и освежил ее лицо, усеянное росой пота: «Передай Уаскаро: только безмозглая женщина наступает на грабли два раза. Скажи, только женщина, которой грифы начисто выклевали мозги, могла найти, а потом снова потерять его...»	Second	Second
В имении жизнь шла своим чередом. Орловский дом был полная чаша. Горы ягод, фруктов, чудные молочные продукты -- все это не сходило со стола. При этом хозяев всех этих благ немилосердно обкрадывала многочисленная челядь. Заправилой в этом отношении был наглый и хитрый лакей Матвей. Мама рассказывала потом, как неподалеку от нашего красного флигеля каждый день на рассвете под руководством Матвея нагружались возы фруктами, овощами, птицей, молочными продуктами и отправлялись на базар в соседнее торговое село Макарово. В результате этих ежедневных занятий Матвей настолько разбогател, что впоследствии открыл в Макарове не то лавку, не то трактир.	Second	Second
Приходим мы в полк и спускаемся в землянку. А в землянке лежит майор -- командир полка, раненый, и бредит он на полный голос, отдает в бреду команду и разные приказания, и весь горит, а врачей и санитаров нет, никак их не дозовешься. Я охрип тогда, вызывая кого-нибудь из врачей по телефону. Товарищ Нечаев перевязал командира полка, как мог, и все сидит возле него, мокрый платок ему кладет на лоб, пробует узнать про полк, да про его силы, да про его задачу, а тот ничего не видит и не слышит, а штаб полка вместе со своим начальником и со всеми картами и документами отрезан противником и сидит обороняется где-то в деревне, за три километра.	Second	Second
Цыганщина ее очень соблазняла, но оказалось, что работать в этом театре очень сложно: эта самая цыганская вольница, столь обаятельная на городских площадях, в электричках и на театральных подмостках, оборачивалась в работе полным безобразием: назначенные режиссером встречи состоялись с пятого раза, каждая актриса закатывала скандалы, требовала невозможного. В тот день, когда немолодая, одна из самых голосистых артисток швырнула Нике в лицо бордово-красный наряд -- вместо бело-кружевного, которого ей хотелось, -- а Ника столь же ловко отпульнула его обратно, подбив его артистическим матом для весу, как подшивали прежде грузики в подолы легких платьев, случилась неприятность, которой Ника давно ждала и всячески пыталась избежать.	Second	Second
Потом, когда война кончилась и цензуру отменили, появилась возможность возобновить нормальную переписку по-русски. Бунин начал писать длинные письма. Во Франции был еще настоящий голод, посылки и даже деньги мало помогали. Письма от Ивана Алексеевича из Парижа или с юга Франции приходили часто -- все они были полны жалобами на недоедание, на болезни, на страшную дороговизну и полное отсутствие денег. С 47-го года и до конца жизни Бунина приходилось в частном порядке собирать для него деньги среди богатых людей. Взамен они получали книгу с автографом писателя -- много он роздал таких автографов в последний, тяжкий период своей жизни.	Second	Second
В России всегда была очень большая дистанция между народом и властью. На этой дистанции, на таком «почтительном отдалении» и строилась вся государственная система: власть далеко, где-то на небесах, поэтому ее надо уважать и бояться. В конце концов такая дистанция привела к полному крушению всякой власти и гибели старого государства. Но ведь гигантская дистанция между народом и бизнесом не менее опасна, не менее гибельна для страны. 	Second	Second
Для более полного ознакомления с параллельными численными методами решения систем линейных алгебраических уравнений можно обратиться, например, к обзору [8, 9].	ZERO INTERSECTION	Second
Невестка, хорошая женщина, полная сил, хотя и изнуренная долгой дорогой, когда приходит навещать двух сестер, хозяек спасенной дворняжки, то приносит гостинчик, конфет и пряников, и тут же щебечет, что так соскучилась по свежему воздуху, и что Елизавета Федоровна живет просто в раю, в раю, и получает в ответ напряженное молчание. Такой дом, такой чистый кислород! А они все, вся семья, торчат в условиях Москвы, с утра на работу, вечером с работы, да жара (а то дожди), и так дико, дико устают, что в выходные только спят, царство сонных сурков! А квартирка тесная, населенная (четверо в трех комнатушках), вещей немыслимо старья, собранного из шести комнат, и не выбросишь чужое (тут кивок головой вбок и слегка назад, в сторону воображаемой Елизаветы Федоровны). Короче, ад и ад. А тут рай, рай и рай. Только вышла из машины -- тихо, аромат, воздух, рай! И на всем готовом (опять легкий выброс головы в сторону). И тихо, одна в доме, тарарам, тиририм, одна и та же песня про вампира Елизавету, которая сосет все соки из семьи. Ей и домработница, и корт с бассейном! Все для нея!	Second	Second
«Спасибо, свиное рыло, чучело напыщенное, одряхлевший Скалозуб. Да почему же, почему ты поставлен надо мной и даешь сейчас мне, тонкому стратегу, эту дурацкую работу? Где же я недоглядел? Где же?.. А не подкатиться ли к самому графу Сергею Юльевичу? Ведь мы же с ним в полном смысле единомышленники. Спокойно, спокойно, Ехно -- на рысьих лапках, Егерн -- удар по темени… Мы еще потолкуем, господин Караев…»	Second	Second
И ноги сами принесли его к ипподрому, потому что оттуда тоже доносилась музыка. И он прошел к пустому полю и встал в воротах, прислонившись к балясине, и никто не остановил его и не спросил, кто он и зачем. Может быть, приняли его за служителя, а может быть, проглядели, ввиду его полной осенней неприметности.	Second	Second
В тот момент, когда я предстала перед ее грозным ликом, она была еще в полном блеске величия. Ее черные кавказские глаза метали молнии. Широкая короткопалая рука, вся в кольцах, то и дело поднималась в повелительном жесте.	Second	Second
К Мезенцеву подъезжают конные. Передний, раскормленный и крепкий, с сильными ногами в стременах и толстыми ляжками на седле, с серебряной медалью на полной груди, вытирает платком лоснящиеся от пота, как будто сальные щеки. В потной руке -- поводья. Этот тоже из ансамбля, плясун, кажется. Я уже давно заметил, что у таких вот нестроевиков и выправка и вид самые строевые, и обмундирование сидит на них как влитое. Взять его, затянутого в ремни, украшенного медалью, и моего Панченко в засаленных брюках, в стираной-перестираной, белой от солнца гимнастерке, в пилотке, за отпоротом которой вколоты иголки с черной, белой и защитного цвета нитками, да отправить обоих в тыл, да показать девкам -- скажут девки, что Панченко где-нибудь всю войну отирался при кухне, а вот этот и есть самый настоящий фронтовик.	Second	Second
Что дали стране рекордные темпы Тракторостроя? Нужна ли была такая самоотверженность, риск, полная отдача сил?	Second	Second
Старобельском… Полная чепуха. Весной 1918-го еще не было ни 12-го полка… ни	Second	Second
Впрочем, старт гоночного уик-энда в Керпене прошел при полном превосходстве	First	Second
Перед ними был зал огромного старинного замка. Света нигде не было. Все было погружено в полную темноту. Нигде не было видно и людей.	Second	Second
изменяется и отношение в армии к занятиям рукопашным боем. Так, в Наставлениях по физической подготовке 1948 года, рукопашный бой и преодоление препятствий разделены на самостоятельные разделы, однако достаточно полных организационно-методических	Second	Second
Потом меня отпустили сдавать экзамены за десятый класс, мы не тренировались, но каникулы продолжались недолго, дней десять, сразу после экзаменов я отправилась со всеми «тарасятами» в Томск. Мой первый постановочный сбор, первая танцевальная программа. В Томске мы с Андреем тренировались как бешеные. Ко всем приходило воскресенье, у нас -- только будни. Сколько часов мы проработали и на льду, и в зале, сказать трудно. Работали, работали, и оттого, что становилось все лучше и лучше, мы все больше и больше нравились Татьяне Анатольевне. Она нас с катка не отпускала, сколько могла сама на тренировках сидеть, столько мы с Андрюшей и катались, и все в полную силу. Я обожала свою программу, и от потока новых ощущений, оттого, что каждый раз можно что-то в ней прибавить, каждый раз можно что-то сделать по-другому, я расходилась до безумства. В момент рождения программы идет поиск, импровизация, но потом все переходит в какой-то автоматизм. Ужасно обидно, но счастливое время сменяется будничным.	Second	Second
Назад шли в полной темноте под усилившимся дождем. Промокли до нитки. Дома отогрелись горячим ужином, чаем из самовара и коньяком, который выставил, конечно, Анатолий. У нас был свой запас, но Гиппиус сделал такие страшные глаза, что я сразу осекся. Мне представилось, что Гиппиус замыслил какой-то добрый сюрприз, а он просто пожадничал. Отснедав, Гиппиус наорал на Анатолия, пытавшегося повесить нам в комнату две «картины» Васнецова. Смущаясь, Анатолий лепетал: «Да ведь нужно... для культурного отдыха». Но Гиппиус оставался неумолим: для «культурного отдыха» требуется одно, чтоб меньше смердило, где-то протухла вяленая рыба. Я сгорел от стыда. Поведение Гиппиуса было не просто бестактным, оно выдавало безнадежную душевную грубость, окостенелое хамство этого бывшего интеллигента.	Second	Second
внимание, как у них смена руководства происходит, полная преемственность курса!	Second	Second
Останавливаемся в центре села, на бугре, возле какого-то сарая. У забора привязана коза, собаки обнюхивают пассажиров и шарахаются в сторону. Ребятишки -- русские и казахи, как по команде, стоят смирно, разинув рты, разглядывают приехавших. А направо и налево и прямо, по главному шоссе, вдоль кюветов теснятся в полном беспорядке мазанки, все серые от въевшейся пыли, низенькие, нахлобученные плоскими крышами; повернутые задом на главную улицу, они, словно дзоты, заняли оборонительный рубеж вдоль дороги и, кажется, стоят здесь с фантастических времен Чингисхана. Да, это Большенарымское. Оно все то же.	Second	Second
Сегодня ежегодная прибыль -- 300 миллионов рублей. Полная окупаемость за 3,5 года.	Second	Second
По всей видимости, на обилие боровиков в окрестностях столицы рассчитывать не стоит уже до конца сезона. Немного будет и сыроежек. Остальные же грибы могут пойти лишь к началу осени, да и то при условии, что в ближайшие недели погода изменится, пройдут хорошие дожди и жара хотя бы на несколько дней спадет до 18-20 градусов. В этом случае грибницы, которым нужно вызревать две-три недели, еще успеют одарить любителей побродить с лукошком. Скорее всего, в этом году в Подмосковье можно будет вдоволь пособирать лишь летние и осенние опята. Пока же заядлым грибникам можно посоветовать съездить в соседние регионы -- из Владимирской и Ярославской областей, к примеру, местные жители уже прибывают на столичные рынки с полными корзинками. 	Second	First
Королева сжимала пальцами подлокотники. Ярл Филипп больше не живет на земле! Тот, что снился ей порой в ночных видениях... И перед ней вновь возникли образы того полного волнений дня, когда она принимала участие в охоте на вепрей в вышгородских дубравах и во время дождя очутилась в закопченной хижине дровосека. Годы текли как вода, все растаяло как дым. Но васильковые глаза остались в памяти навеки. Сколько раз по приезде во Францию, когда Генрих уезжал куда-нибудь под город Сане или в приморские туманы Нормандии, она вспоминала не о муже, а об этих глазах и плакала о погибшем счастье.	Second	Second
Ослепительные горизонты счастливого будущего... Нестерпимые лучи лупят оттуда. Свобода каждого -- и свобода всех. Полный расцвет способностей и дарований. Никакого угнетения человека человеком. Никаких войн, никакого насилия. Жизненные блага текут рекой. Труд стал наслаждением. Райская жизнь, коммунизм! Подробности этого рая не разглядеть -- мешает ослепительный свет, слепит он, как и полагается по определению.	Second	Second
Влюбленной верностью себе (при понятном желании разнообразить материал) держится Анатолий Ким. Не только в многочисленных рассказах («Новый мир»,    № 4, «Дружба народов», № 7, «Знамя», № 10), но и в западно-восточном романе-мистерии «Сбор грибов под музыку Баха» (японские, английские и русские музыканты; сумасшедший дом; мистическая детективность; война грибов и людей; мещерские запахи; утраченная любовь, вечное одиночество и неизбежный, как дембель, конец света -- куда ж без него); -- роман-мистерия опубликован в толстом, но иллюстрированно-глянцевом журнале «Ясная Поляна», выходящем под редакцией Анатолия Кима и Владимира Толстого. (Интересно, что бы сказал об этом феномене, сочетающем нуворишский нахрап, стилизацию «усадебного уюта» и истонченные узоры ленивого декадентства, великий писатель, закончивший жизнь уходом из всамделишной, а не маскарадной Ясной Поляны? О нынешних яснополянских играх смотри растерянный и смущенный «вольный рассказ» Олега Павлова «Яблочки от Толстого» («Дружба народов», № 10). Дабы не было недоразумений, подчеркну: Павлов просто и честно описывает писательский визит в имение графов Толстых, которым он, как всякий побывавший в гостях интеллигентный человек, естественно благодарен. Так что оторопь от сегодняшних околотолстовских мероприятий -- на моей совести.) Похоже обстоит дело с Вячеславом Пьецухом (не отличимые друг от друга рассказы, байки, эссе, анекдоты в «Октябре», № 2, «Новом мире», № 2, «Дружбе народов», № 4, «Знамени», № 4; большую форму -- десяток таких же «текстов» в одной облатке -- в этом году Пьецух не сконструировал; ждите -- будет), Людмилой Петрушевской («Музыка  ада» -- «Знамя», № 3), Ниной Садур («Немец» -- «Знамя», № 6; в этом году в Вологде издано наиболее полное собрание ее прозы -- «Сад»), Михаилом Кураевым («Золотуха по прозвищу Одышка» -- «Новый мир», № 11), Фазилем Искандером («Думающий о России и американец» -- «Знамя», № 9). Впрочем, «вариант Искандера» сложнее и, есть надежда, перспективнее: это не варьирование фирменных «чегемских» моделей, а попытка беллетризации собственной умудренно иронической эссеистики, опыт игрового заземления интеллигентных статей о назначении России, человечества, народа и интеллигенции, которым в свою пору отдал дань не один Искандер. (Хочется спросить: кто не отдал-то?) Само по себе осознание исчерпанности «кухонно-салонного» жанра дорого стоит, но клейкость «разговорной материи» и амбивалентность чуть барственного юмора не дают сделать нужного шага к единственно необходимой неожиданности.	Second	Second
-- Значить, мы тогда не почту возили, как ныне-то, -- начинает он коронный номер. -- Я молодой был, матросом; все, значить, у меня на месте было, все в аккурате. Ну, солощий до женского полу, значить, как все молодые. Но в руках себя держал, не как ныне-то некоторые. Под каждую юбку не лез, тактично все заделывал, чтобы ни ей, значить, ни мне никаких там родимых пятен в личное дело не ляпнули. На судне -- ни-ни! Ни под каким, значить, резоном никаких амуров! Один только получился у меня такой, значить, гутен-морген, что я за бортом в Кильском канале оказался. Врать не буду, честно скажу, получился у меня полный срыв и срам в морально-политическом, значить, смысле, и в общественно-политическом, и в прямом, так сказать, смысле. В прямом эт потому, что я за борт сорвался из ейного иллюминатора.	Second	Second
У Мити не было обыкновения брать билеты на все виды общественного транспорта, исключая метро, и когда его излавливали зайцем, всегда смиренно объяснял, что он студент и денег у него на проезд не имеется. Говорить подобное ему было легко, как и любую правду, а контролеры обычно охотно верили ему и отпускали без всяких последствий. На этот раз Митя почему-то не в силах был произнести обычной формулы, и контроль приставал к нему со все возрастающей настойчивостью. Это были два красноглазых кролика, по случаю раздобывшие круглый значок общественного контролера. Они решили насшибать рубли на завтрашнее похмелье и стали прочесывать ночные трамваи с редкими пассажирами, многие из которых, разумеется, могли резонно посчитать, что время проверки билетов давно миновало и потому можно без всякой опаски ехать безбилетно. Братцы-кролики были народ мелковатый, с обвисшими от жизненных невзгод серыми ушами, но обладание жетоном, хотя и незаконное, давало им пьянящее чувство власти, и оно толкало их на невероятное проявление служебного рвения. Когда Акутин вместо оправданий просьб и бессмысленной наглости отреагировал полным молчанием, контролеры обиделись и решили сурово наказать безбилетника, бросившего своим поведением неслыханный по дерзости вызов общественному надзору. Неверными от тайного страха лапами они схватили Митю за воротник, одновременно ожидая, что коренастый и очень крепкий на вид молчун станет их рвать на куски. Однако произошло невероятное: парень покорно направился к выходу, куда его подталкивали, и это несмотря на совершенно внятные угрозы, что его поведут в ближайшее отделение милиции. Переглянувшись меж собой красными мутноватыми глазами, кролики согласно помешкали у открытой двери и, когда она должна была вот-вот закрыться перед отправлением трамвая, разом пихнули в спину и поддали коленями зайцу в зад, и он неожиданно для себя вылетел из сухого вагона под дождь, чуть не грохнулся оземь и долго бежал на подгибающихся от усилий ногах, хватаясь руками за воздух, в то время как трамвай, тронувшись с места, быстро удалялся от него в сторону. Наконец обретя устойчивость, Митя оглянулся и увидел две длинноухие головы, прильнувшие к стеклу освещенного изнутри трамвайного вагона. Кролики подпрыгивали и размахивали лапами, радуясь, что столь ловко отделались от странного, а потому и опасного безбилетника, который, как знать, мог по дороге и сам напасть в пустынном переулке на щипачей или в самом деле проследовать до милиции, что было вовсе не желательно для самозваных контролеров: значок, имевшийся у них, один из приятелей стащил у своей жены, действительно работавшей контролером общественного транспорта.	Second	Second
«Новый Завет, -- говорил бл.Августин, -- скрывается в Ветхом, Ветхий открывается в Новом» (На 1 Кор 6). Религия Библии, в отличие от большинства верований древнего мира, имеет характер динамического учения. Стержневой ее вектор нацелен на грядущее. Она вся в движении, в надежде, в ожидании прихода полного и совершенного Завета с Богом. Эта религия не умещается в границах одного народа, одной культуры. Родившись в изолированном от язычников очаге, она рано или поздно должна была выйти за его пределы, вопреки всем усилиям консерваторов. «Я сделаю тебя светом народов, чтобы спасение Мое дошло до краев земли», -- говорит Господь Своему Служителю (Ис 49,6).	Second	Second
Предания еврейской семьи окружают Эда. Как на картинах Шагала, летают по воздуху евреи и части евреев. С сумками, полными продуктов, которые она «достала» для семьи, плывет вниз головой тетка Гинда. «Труженица» и «добытчица», как ее характеризует Анна. Толстая дочка Гинды -- Иркеле -- лежит на пуховике в шубе. Анархистка Анька все же завидует шубе двоюродной сестры. Внук Гинды -- мальчик Мишка, его Гинда называет Мишкеле, -- отталкивает от себя пухлой рукой «генеральское» -- не хочет. «Генеральское» -- это бутерброд намазанный маслом, красной икрой и, о ужас, -- поверху вареньем! «Не хочу!» -- «Сейчас отдам генеральское Анькеле», -- пугает Мишку Гинда. Всегда готовая откушать икры Анна в розовом платье плотоядно поглядывает на бутерброд. Ни на что не способный зять Гинды -- Фима (и тоже инженер), взобравшись на диван, угрюмо надевает брюки, держа их высоко над полом, «чтоб не потерлись низки». Диван-кровать с благолепной седой старушкой Анькиной бабкой -- все называют ее почему-то «бабушка Бревдо» -- выныривает из шагаловских туч. Бабушка Бревдо в чистейшей ночной рубашке в цветочках, и лунного цвета пышные ее, как у всех дам Рубинштейнов, волосы разметались по подушке. На волосах лежит большущий жирный котяра. -- «Пришел мне конец, Циленька. Больше не встать мне. Головы не могу поднять с подушки». -- «Мама, но у тебя же на волосах спит Жоржик!»	Second	First
В конце письма Розанов просит достать у Вилькиной любым способом свои письма и при этом говорит о Мережковском: «Д.С. письма не показывайте: он тоже »возится« с ней или »любит ее« -- вообще полная каша. И может помешать. Ваш В.Розанов».	Second	Second
Скоро Номер XII понял, что больше всего ему нравится ощущение, источником или проводником которого были велосипеды. Иногда, в жаркий летний день, когда мир вокруг затихал, он тайно отождествлял себя то со складной «Камой», то со «Спутником» и испытывал два разных вида полного счастья.	Second	Second
Всякий, кто жил в англофонных странах, знает, что не только корабли с женскими именами, но и все другие принадлежат к женскому роду. Назови ты пароход хоть «Маршалом Буденным», все равно для англичанина он будет she, то есть «она». Бог весть, отчего так получается, ведь не от сходства же с рыбой, ведь это по-русски рыба -- дама, а по-английски -- ни то ни сё. Так или иначе, наша красавица имела 70000 тонн водоизмещения и в длину тянулась вроде на три футбольных поля, во всяком случае, джоггер, обегая три раза ее главную палубу, то есть без забега на нос и корму, делал милю. При полной загрузке на ней помещалось две тысячи пассажиров. Добавьте к этому две тысячи экипажа и персонала, и вы получите плавающий город, в котором далеко не каждый день люди встречаются друг с другом, даже если и хотят увидеться как бы ненароком. В этом убедился профессор Корбут, пытаясь столкнуться с одной особой и воскликнуть в хорошей атлантической манере: «Lo and behold!»	Second	Second
С полным правом автор отмечает, что редукция мотивов приводит к оскудению деятельности больных. Оскудение деятельности оказывает и «обратное» влияние: не формируются новые мотивы.	Second	Second
Напомню ленинскую точку зрения: ничто так не вредит авторитету партии, как замалчивание назревших противоречий, замазывание их показным единством. Когда принципиальная идейно-политическая борьба уходит «под ковер», она неминуемо вырождается в мелкое политиканство. Ответственные политики обязаны говорить массам правду. Да, мы долго, может быть, слишком долго, пытались снять проблему в рабочем порядке -- путем товарищеского диалога, разъяснений и увещеваний. Не помогло. Ситуация вступила в опасную стадию, когда замалчивать ее более невозможно. Здесь требуются полная ясность и определенность. 	Second	Second
Многие восприняли идею устойчивого развития упрощенно, предполагая, что она заключается в переходе на природоохранную деятельность. Именно в этом ключе сформулированы национальные программы различных стран по устойчивому развитию, включая Экологическую доктрину Российской Федерации. Принципиальная схема, лежащая в основе национальных программ, остается прежней -- максимальное наращивание производства и расширение использования научно-технического прогресса с целью более полного удовлетворения потребностей человека. Это означает сохранение антропоцентрического подхода. 	Second	Second
То, что Америка является единственной гипердержавой, способной «решать судьбы мира», стало ясно ещё в начале девяностых годов прошлого века, когда был «сдан» Советский Союз. Однако, абсолютное силовое преимущество и гегемония – разные вещи, и превратить первое во второе не так уж просто. В течении последних пятнадцати лет Америка это делала, причём успешно. Стратегическая цель англосаксонской цивилизации – вечное закабаление Земли, полное и абсолютное торжество «избранного американского народа» над человечеством – близка к осуществлению как никогда.	Second	Second
с полной нагрузкой	ZERO INTERSECTION	Second
Как же Ленину стало известно о событиях в Грузии, очень его напугавших, если Сталин наглухо изолировал вождя от политической жизни страны? Ему о них сообщила Крупская. К сожалению, Фотиева являлась тайным информатором Сталина. Она и донесла на Крупскую. Сталин по телефону устраивает Крупской грубую выволочку. Та жалуется мужу. Ленин шлет Сталину записку с требованием извиниться. В противном случае грозит полным разрывом отношений. И затем уже следует знаменитое завещание Ленина, где говорится о грубости и нетерпимости Сталина и рекомендуется заменить его на посту генсека... 	Second	Second
-- Заливай, -- сказал доцент, но в его голосе не было полной уверенности. -- Небось, на нее заглядываешься?	Second	Second
Королеву нравилось бывать под землей прежде всего потому, что здесь было тихо. Тишина позволяла ему, спускаясь в шахту, проникать в самого себя. После городской громовой глухоты он упивался просторной чуткой легкостью, освобождавшей его голову для внутренних свободных действий. В тишине у него расслаблялись шейные мышцы и мышцы скальпа. Внутренне он словно бы становился ближе к самому себе. Чувства собственные теперь можно было разглядеть, можно было их ощупать, нетрудно было перепроверить их правоту, исцелить, попросить прощения. В тишине существование становилось осмысленным, несмотря на страх -- не то ответственности, не то страх, вызванный простым присутствием смысла. Рано или поздно этот трепет всегда появлялся вослед существенности, набранной вокруг -- в подземно-внутреннем пребывании. Это его пугало, но все равно он предпочитал с этим мириться, будто нырнул на полную выкладку и тишина, цокающая бьющимися, трущимися друг о дружку в волне камнями, сдавливая перепонки и отгораживая от грохочущего прибоя, утягивала и приближала к нему не дно -- а темно-синий столб глубины, набиравший давление, сгущающийся над головой трудностью возвращения.	Second	Second
Антонина Ивановна уперла руки в бока, набрала полную грудь воздуха, но, взглянув на выражение лица Питиримова, не взорвалась, а растерянно спросила:	Second	First
Гнилой картошки полный таз!	ZERO INTERSECTION	First
Виктория в полном недоумении снова закрывает дверь.	ZERO INTERSECTION	Second
Таня подходит к окну и садится у подоконника. С улицы слышно, как бьют часы, им отвечают другие, третьи. Гаснут огни. Настает ночь. Таня молча сидит у раскрытого окна. Где-то стороной проходит гроза. Вдали гудят далекие поезда. Снова бой часов. Таня сидит молча. Кричат петухи. Даль за окнами розовеет. Так проходит ночь. Настает рассвет. На дворе поют птицы. Всходит солнце. Вдали грохочет электричка. Таня медленно поднимает голову, смотрит на улицу. Со двора слышен звонкий мужской голос: «Дуська, Ду-усь, на занятия...» И где-то рядом радио передает утреннюю зарядку: «Начали. И -- раз. И -- два. И -- три. На раз -- вдох, на три -- выдох. Дышите полной грудью... полнее, полнее. И -- раз. И -- два. Начали сначала... Все сначала...» В комнату падают первые лучи солнца. Наверху на рояле играют пустячную песенку. Наступает утро].	Second	First
Слышите, где-то далеко поют, идет поезд на Москву, а над нами полное звезд августовское небо, и вот, уже луна взошла над лесом. И нам чуточку страшно, словно мы стоим на самом пороге будущего. А что там, впереди? Кто знает!	Second	Second
Вот видишь? Я-то тебя просила потому, что объяснила тебе, хоть ты и дурочка у нас, но, по крайней мере, я пыталась тебе втолковать, что Алле Сергеевне сейчас нужно создать полный вакуум. Что это единственная возможность подстегнуть ее сознание... знаешь, что такое сознание? Ну ладно, что нужно, чтоб она поскорее вспомнила, кто она, а для этого она должна хорошенько испугаться одиночества. Вот поэтому, чем позже вы докажете свою причастность к ее жизни, тем лучше. Кстати, где паспорт?	Second	Second
Полина открывает окно в коридоре и смотрит направо под арку. Никого не увидев, она идет на кухню, подходит к раковине и открывает на полную воду кран. Потом заходит в туалет.	Second	Second
По каждой позиции дается полное название документа, включающее кроме названия документа и его шифров название организации-разработчика, название населенного пункта месторасположения организации-разработчика, год разработки документа, архивный номер.	Second	Second
п/п Полное название документации	ZERO INTERSECTION	Second
Кроме указанных выше графических материалов, к паспорту могут прилагаться любые иные материалы, которые составители паспорта считают необходимым включить в паспорт для более полного представления всех особенностей конкретного ГТС.	Second	Second
Для отзывного вклада возможно досрочное расторжение Договора, но не ранее, чем через 30 дней со дня заключения Договора. При этом Вкладчик письменно предупреждает Банк за три дня до предполагаемой даты отзыва. В случае досрочного возврата вклада, проценты за полные месячные периоды начисляются исходя из ставки, указанной в Договоре, а за неполный месяц хранения -- за фактическое число дней из расчета процентной ставки, действующей в Банке по вкладам «до востребования».	Second	Second
-- разрешенная мощность (потребителя) -- наибольшая полная мощность электроустановок потребителя, разрешенная для присоединения к сети энергоснабжающей организации;	ZERO INTERSECTION	Second
влияния суммарной полной нагрузки потребителей в ТОП на режим напряжения в этой точке по соотношению (в процентах):	ZERO INTERSECTION	Second
